date,Overnight,1 Month,3 Months,12 Months
2021-01-04,0.04027,0.15,0.33054,0.68607
2021-01-05,0.03804,0.13482,0.30982,0.67643
2021-01-06,0.03875,0.13518,0.30036,0.66304
2021-01-07,0.03881,0.13304,0.29821,0.66232
2021-01-08,0.06464,0.13482,0.29232,0.66161
2021-01-11,0.07071,0.13,0.28107,0.65089
2021-01-12,0.07107,0.12929,0.27214,0.64464
2021-01-13,0.06982,0.12321,0.27054,0.64006
2021-01-14,0.05161,0.11714,0.27054,0.64077
2021-01-15,0.04188,0.11643,0.26875,0.64006
2021-01-18,0.04188,0.11714,0.27161,0.64
2021-01-19,0.03813,0.11304,0.25,0.6325
2021-01-20,0.03955,0.10929,0.24214,0.6325
2021-01-21,0.04027,0.115,0.24089,0.62911
2021-01-22,0.03985,0.10893,0.24018,0.62911
2021-01-25,0.03741,0.11607,0.24018,0.62911
2021-01-26,0.04134,0.13476,0.245,0.62696
2021-01-27,0.04429,0.14202,0.24143,0.62482
2021-01-28,0.05,0.14518,0.24,0.62518
2021-01-29,0.23107,0.15691,0.2425,0.62589
2021-02-01,0.15964,0.15732,0.24214,0.62411
2021-02-02,0.10625,0.15964,0.23929,0.62304
2021-02-03,0.10268,0.15607,0.23768,0.62232
2021-02-04,0.04982,0.14685,0.23839,0.62375
2021-02-05,0.0392,0.13518,0.23536,0.62214
2021-02-08,0.04411,0.14714,0.2375,0.62375
2021-02-09,0.04327,0.14679,0.23536,0.62071
2021-02-10,0.11054,0.14821,0.23536,0.62071
2021-02-11,0.1,0.14679,0.23393,0.62143
2021-02-16,0.09774,0.14071,0.23464,0.62643
2021-02-17,0.0572,0.14089,0.23393,0.62179
2021-02-18,0.04506,0.13821,0.23321,0.62071
2021-02-19,0.04089,0.13411,0.2325,0.62
2021-02-22,0.03702,0.12554,0.23393,0.62071
2021-02-23,0.03667,0.12304,0.2325,0.61929
2021-02-24,0.03667,0.12464,0.23321,0.61929
2021-02-25,0.0381,0.12393,0.22786,0.61375
2021-02-26,0.04,0.1225,0.22714,0.61304
2021-03-01,0.04,0.12179,0.22643,0.61304
2021-03-02,0.03875,0.125,0.22411,0.61214
2021-03-03,0.03946,0.12714,0.22589,0.61179
2021-03-04,0.03848,0.12607,0.22518,0.61214
2021-03-05,0.04161,0.12714,0.22518,0.6125
2021-03-08,0.03821,0.1275,0.22589,0.61179
2021-03-09,0.04024,0.15946,0.24357,0.61179
2021-03-10,0.03952,0.1678,0.24952,0.6075
2021-03-11,0.03774,0.16976,0.23732,0.60679
2021-03-12,0.03881,0.16655,0.23661,0.61107
2021-03-15,0.03929,0.16607,0.23696,0.6125
2021-03-16,0.03952,0.16679,0.23518,0.61107
2021-03-17,0.0372,0.16583,0.23661,0.61036
2021-03-18,0.03893,0.16583,0.23423,0.60929
2021-03-19,0.03536,0.16655,0.23423,0.60607
2021-03-22,0.0381,0.15631,0.23518,0.60964
2021-03-23,0.04095,0.15232,0.2325,0.60875
2021-03-24,0.03527,0.14071,0.23179,0.60589
2021-03-25,0.03667,0.13464,0.22911,0.60393
2021-03-26,0.03774,0.1325,0.22768,0.58589
2021-03-29,0.03893,0.12911,0.22696,0.58018
2021-03-30,0.03738,0.13054,0.22911,0.57946
2021-03-31,0.03396,0.12887,0.22673,0.57321
2021-04-01,0.03467,0.12125,0.22589,0.5725
2021-04-07,0.03741,0.12661,0.20821,0.5725
2021-04-08,0.03667,0.12554,0.22304,0.5725
2021-04-09,0.03821,0.12042,0.22077,0.56732
2021-04-12,0.0392,0.11464,0.21196,0.53929
2021-04-13,0.0381,0.11393,0.21125,0.52881
2021-04-14,0.03714,0.10744,0.20643,0.50982
2021-04-15,0.03467,0.10357,0.20161,0.49036
2021-04-16,0.03881,0.10286,0.20232,0.48179
2021-04-19,0.0356,0.10286,0.20161,0.47964
2021-04-20,0.03595,0.09679,0.19,0.47804
2021-04-21,0.0381,0.09411,0.18321,0.46714
2021-04-22,0.03738,0.09161,0.17929,0.45339
2021-04-23,0.03524,0.08607,0.17589,0.44107
2021-04-26,0.03631,0.08929,0.17446,0.43679
2021-04-27,0.03952,0.09143,0.17518,0.43964
2021-04-28,0.03881,0.09,0.17446,0.43821
2021-04-29,0.03643,0.09071,0.17375,0.43714
2021-04-30,0.0361,0.09018,0.17375,0.43607
2021-05-03,0.03467,0.08179,0.17446,0.43643
2021-05-04,0.03723,0.08089,0.17518,0.43571
2021-05-05,0.0375,0.07929,0.17446,0.43679
2021-05-06,0.03786,0.07857,0.17321,0.43643
2021-05-07,0.03881,0.07881,0.17321,0.43571
2021-05-10,0.03964,0.08143,0.17321,0.43357
2021-05-11,0.03952,0.085,0.17393,0.435
2021-05-12,0.03732,0.08357,0.17179,0.435
2021-05-13,0.03738,0.08571,0.17321,0.43571
2021-05-14,0.03595,0.08214,0.17179,0.435
2021-05-17,0.03821,0.085,0.17321,0.43357
2021-05-18,0.03738,0.08429,0.17179,0.43429
2021-05-20,0.03595,0.08357,0.17179,0.43429
2021-05-21,0.04054,0.08571,0.17321,0.43429
2021-05-24,0.03911,0.08321,0.17179,0.43
2021-05-25,0.04446,0.08286,0.16964,0.43107
2021-05-26,0.03804,0.08446,0.17107,0.43357
2021-05-27,0.0356,0.08286,0.17179,0.41482
2021-05-28,0.03566,0.08286,0.17179,0.40536
2021-05-31,0.04286,0.08393,0.1725,0.40536
2021-06-01,0.03881,0.08571,0.1725,0.40321
2021-06-02,0.0356,0.085,0.1725,0.40393
2021-06-03,0.03536,0.085,0.17321,0.40464
2021-06-04,0.03911,0.08429,0.1725,0.39518
2021-06-07,0.03821,0.08649,0.17036,0.39357
2021-06-08,0.03571,0.08839,0.17107,0.38946
2021-06-09,0.03714,0.09018,0.1725,0.39071
2021-06-10,0.0381,0.08804,0.17107,0.3875
2021-06-11,0.04196,0.08804,0.17107,0.38893
2021-06-15,0.04643,0.09161,0.1725,0.38964
2021-06-16,0.04696,0.09161,0.17321,0.38893
2021-06-17,0.03804,0.08946,0.1725,0.38964
2021-06-18,0.03467,0.08875,0.17179,0.39107
2021-06-21,0.03821,0.09018,0.1725,0.39036
2021-06-22,0.03881,0.0875,0.17179,0.37268
2021-06-23,0.03595,0.08982,0.17107,0.36982
2021-06-24,0.03875,0.08917,0.1725,0.36911
2021-06-25,0.04268,0.09286,0.1725,0.37125
2021-06-28,0.04482,0.09244,0.17107,0.36839
2021-06-29,0.04446,0.10042,0.17179,0.36839
2021-06-30,0.04679,0.09899,0.17036,0.36625
2021-07-02,0.03875,0.09827,0.17036,0.37357
2021-07-05,0.03289,0.09554,0.17036,0.36625
2021-07-06,0.03396,0.09411,0.16893,0.36375
2021-07-07,0.03682,0.08875,0.16381,0.36232
2021-07-08,0.03881,0.09,0.16738,0.36304
2021-07-09,0.03952,0.09179,0.16667,0.36232
2021-07-12,0.03804,0.08893,0.16821,0.36339
2021-07-13,0.0356,0.08786,0.1625,0.36482
2021-07-14,0.0381,0.08143,0.15911,0.36304
2021-07-15,0.03774,0.07911,0.15804,0.36196
2021-07-16,0.03738,0.07863,0.15839,0.36161
2021-07-19,0.03631,0.07857,0.15607,0.36232
2021-07-20,0.03824,0.07696,0.15357,0.35964
2021-07-21,0.03602,0.07357,0.15089,0.35696
2021-07-22,0.03881,0.07339,0.15018,0.35625
2021-07-23,0.03964,0.07339,0.14946,0.35589
2021-07-26,0.03717,0.07357,0.14946,0.35554
2021-07-27,0.04536,0.08071,0.15018,0.35625
2021-07-28,0.04804,0.08839,0.14946,0.35554
2021-07-29,0.04607,0.08125,0.14804,0.35304
2021-07-30,0.04613,0.08268,0.14875,0.35554
2021-08-02,0.04893,0.0825,0.14875,0.35554
2021-08-03,0.04679,0.08821,0.15089,0.35841
2021-08-04,0.04536,0.08125,0.14875,0.35375
2021-08-05,0.04613,0.07768,0.15018,0.35304
2021-08-06,0.04089,0.07768,0.14946,0.35232
2021-08-09,0.04089,0.07661,0.14946,0.35446
2021-08-10,0.0383,0.07429,0.14946,0.35375
2021-08-11,0.04098,0.07107,0.14679,0.35375
2021-08-12,0.03848,0.06589,0.14286,0.35143
2021-08-13,0.03952,0.06554,0.14286,0.35054
2021-08-16,0.0367,0.06411,0.14196,0.34982
2021-08-17,0.04018,0.0675,0.14143,0.34982
2021-08-18,0.04911,0.07804,0.14424,0.35241
2021-08-19,0.04714,0.07464,0.14393,0.35442
2021-08-20,0.04304,0.07268,0.14411,0.35143
2021-08-23,0.03804,0.06911,0.14482,0.34929
2021-08-24,0.03753,0.06982,0.14554,0.34982
2021-08-25,0.03753,0.06554,0.14184,0.35419
2021-08-26,0.03753,0.06268,0.14064,0.34982
2021-08-27,0.0392,0.06339,0.14071,0.35054
2021-08-30,0.0392,0.06625,0.14271,0.35196
2021-08-31,0.0381,0.06482,0.15149,0.35152
2021-09-01,0.03667,0.06607,0.14804,0.34911
2021-09-02,0.03881,0.06821,0.14696,0.35054
2021-09-03,0.03753,0.06607,0.14554,0.34911
2021-09-06,0.03634,0.06607,0.14214,0.34911
2021-09-07,0.03667,0.06839,0.14411,0.34982
2021-09-08,0.03786,0.06863,0.14482,0.35125
2021-09-09,0.03881,0.06792,0.14482,0.35125
2021-09-10,0.03643,0.06411,0.14411,0.34232
2021-09-13,0.03821,0.06482,0.14257,0.33554
2021-09-14,0.0375,0.06411,0.14036,0.33375
2021-09-15,0.03643,0.06339,0.14071,0.33414
2021-09-16,0.03396,0.06232,0.14066,0.33339
2021-09-17,0.03455,0.06339,0.14071,0.33339
2021-09-20,0.03705,0.06482,0.14143,0.33339
2021-09-21,0.03759,0.06411,0.14179,0.33339
2021-09-23,0.03705,0.06196,0.14107,0.33196
2021-09-24,0.0353,0.06161,0.13929,0.33196
2021-09-27,0.03824,0.06411,0.14071,0.33339
2021-09-28,0.03824,0.06339,0.14,0.33339
2021-09-29,0.03824,0.06411,0.14071,0.33339
2021-09-30,0.03929,0.06339,0.14,0.33339
2021-10-04,0.03705,0.06411,0.14143,0.33339
2021-10-05,0.03605,0.0618,0.13268,0.33339
2021-10-06,0.03451,0.06217,0.13607,0.33268
2021-10-07,0.03582,0.06238,0.1375,0.32571
2021-10-08,0.03665,0.06344,0.13679,0.325
2021-10-11,0.03773,0.06299,0.13714,0.32304
2021-10-12,0.03673,0.06374,0.13899,0.32149
2021-10-15,0.03459,0.06437,0.14476,0.32095
2021-10-18,0.03661,0.06411,0.15143,0.31911
2021-10-19,0.03643,0.06482,0.15339,0.31625
2021-10-20,0.03667,0.06643,0.15196,0.31804
2021-10-21,0.03714,0.06339,0.15125,0.31857
2021-10-22,0.03536,0.06482,0.15268,0.31929
2021-10-25,0.03875,0.06679,0.15161,0.31929
2021-10-26,0.03804,0.06703,0.15196,0.31857
2021-10-27,0.03625,0.06714,0.15324,0.31808
2021-10-28,0.04018,0.06786,0.15375,0.31929
2021-10-29,0.04196,0.06786,0.15375,0.31929
2021-11-01,0.04054,0.06714,0.15304,0.31857
2021-11-02,0.04018,0.06786,0.15589,0.31929
2021-11-03,0.04214,0.06482,0.15518,0.31723
2021-11-04,0.04357,0.06786,0.15857,0.31643
2021-11-05,0.03804,0.06446,0.15821,0.31786
2021-11-08,0.03875,0.06714,0.15857,0.31786
2021-11-09,0.03946,0.06857,0.15898,0.31786
2021-11-10,0.03946,0.06982,0.1625,0.31804
2021-11-11,0.03946,0.07054,0.16661,0.31946
2021-11-12,0.04679,0.07424,0.17429,0.32857
2021-11-15,0.04214,0.07054,0.17464,0.33
2021-11-16,0.04071,0.07125,0.17982,0.33571
2021-11-17,0.04286,0.08054,0.18292,0.34506
2021-11-18,0.05196,0.08714,0.18875,0.34982
2021-11-19,0.05375,0.09661,0.20167,0.35661
2021-11-22,0.05179,0.09696,0.20625,0.35768
2021-11-23,0.0525,0.09741,0.20857,0.35964
2021-11-24,0.05131,0.09768,0.20893,0.36411
2021-11-25,0.05911,0.09482,0.21069,0.36911
2021-11-26,0.06143,0.09375,0.22536,0.37363
2021-11-29,0.06036,0.10143,0.23149,0.37482
2021-11-30,0.06179,0.10196,0.23512,0.37714
2021-12-01,0.06875,0.16244,0.24964,0.4047
2021-12-02,0.05786,0.18107,0.25077,0.40732
2021-12-03,0.05911,0.19274,0.25768,0.41566
2021-12-06,0.05411,0.20054,0.25929,0.41839
2021-12-07,0.05018,0.21137,0.26226,0.42152
2021-12-08,0.04149,0.20631,0.26083,0.43461
2021-12-09,0.04435,0.20488,0.25732,0.43006
2021-12-10,0.04185,0.20827,0.26042,0.43256
2021-12-13,0.04232,0.20625,0.25946,0.43208
2021-12-14,0.04018,0.20518,0.25911,0.42994
2021-12-15,0.03958,0.20458,0.25732,0.43369
2021-12-16,0.04065,0.19923,0.25732,0.43321
2021-12-17,0.04137,0.19441,0.25661,0.43298
2021-12-20,0.04137,0.19369,0.25732,0.43464
2021-12-21,0.04262,0.1947,0.25804,0.43464
2021-12-22,0.04226,0.19506,0.25732,0.43536
2021-12-23,0.04476,0.19435,0.25839,0.435
2021-12-24,0.0397,0.1947,0.25911,0.43429
2021-12-28,0.04369,0.19369,0.25804,0.43464
2021-12-29,0.08708,0.19506,0.25839,0.43464
2021-12-30,0.07714,0.19298,0.25661,0.43607
2021-12-31,0.05566,0.15911,0.25875,0.43536
2022-01-03,0.055,0.14929,0.25696,0.43476
2022-01-04,0.05577,0.14298,0.25381,0.43464
2022-01-05,0.05054,0.13655,0.25411,0.43464
2022-01-06,0.04369,0.13512,0.25363,0.43345
2022-01-07,0.04441,0.12976,0.25363,0.43369
2022-01-10,0.04929,0.12821,0.24304,0.43393
2022-01-11,0.09893,0.13762,0.24321,0.4325
2022-01-12,0.09321,0.13542,0.23964,0.4325
2022-01-13,0.08369,0.13464,0.24036,0.43179
2022-01-14,0.10494,0.14714,0.2553,0.465
2022-01-17,0.08941,0.15012,0.26095,0.49464
2022-01-18,0.09304,0.15083,0.26661,0.50816
2022-01-19,0.06708,0.155,0.2822,0.51887
2022-01-20,0.05738,0.15542,0.28661,0.52238
2022-01-21,0.05143,0.1606,0.29339,0.59107
2022-01-24,0.07524,0.16458,0.30083,0.63786
2022-01-25,0.08369,0.165,0.30411,0.66833
2022-01-26,0.10994,0.18214,0.31042,0.69012
2022-01-27,0.10798,0.19768,0.32446,0.70749
2022-01-28,0.0981,0.19607,0.32946,0.7125
2022-01-31,0.13929,0.19821,0.33042,0.71571
2022-02-04,0.13464,0.19679,0.33369,0.72202
2022-02-07,0.11905,0.19601,0.33441,0.72441
2022-02-08,0.10768,0.1956,0.33762,0.79643
2022-02-09,0.10696,0.19054,0.35369,0.82875
2022-02-10,0.07905,0.18,0.36179,0.84411
2022-02-11,0.06405,0.16488,0.36125,0.84685
2022-02-14,0.07048,0.15691,0.38964,0.91577
2022-02-15,0.06792,0.15113,0.4,0.94857
2022-02-16,0.06208,0.14488,0.40554,0.97417
2022-02-17,0.0556,0.14006,0.40821,0.99643
2022-02-18,0.05048,0.15042,0.41506,1.01512
2022-02-21,0.05714,0.15399,0.41798,1.02274
2022-02-22,0.06232,0.15256,0.41691,1.0206
2022-02-23,0.05679,0.15768,0.41762,1.02202
2022-02-24,0.05536,0.16893,0.41833,1.0372
2022-02-25,0.06458,0.18399,0.43815,1.05869
2022-02-28,0.11036,0.20071,0.43792,1.06875
2022-03-01,0.06607,0.22304,0.43506,1.08423
2022-03-02,0.0675,0.22994,0.4372,1.08905
2022-03-03,0.05512,0.22679,0.44304,1.09042
2022-03-04,0.05625,0.23244,0.44845,1.11
2022-03-07,0.05536,0.23607,0.47512,1.1356
2022-03-08,0.05536,0.24179,0.48857,1.16598
2022-03-09,0.04869,0.25327,0.49524,1.19381
2022-03-10,0.05256,0.25345,0.5253,1.25107
2022-03-11,0.05256,0.25345,0.53464,1.27875
2022-03-14,0.05161,0.26393,0.55018,1.30679
2022-03-15,0.05173,0.27339,0.57131,1.3503
2022-03-16,0.0472,0.26536,0.5756,1.41244
2022-03-17,0.05768,0.2847,0.59024,1.4556
2022-03-18,0.05619,0.29214,0.59887,1.48988
2022-03-21,0.05327,0.2897,0.60696,1.51601
2022-03-22,0.04792,0.28696,0.61024,1.54702
2022-03-23,0.04577,0.29679,0.62929,1.56524
2022-03-24,0.0472,0.31893,0.64286,1.62738
2022-03-25,0.04554,0.32333,0.66077,1.66214
2022-03-28,0.0472,0.3128,0.66714,1.6856
2022-03-29,0.04792,0.31208,0.66786,1.70512
2022-03-30,0.05536,0.3128,0.61441,1.72661
2022-03-31,0.08696,0.3081,0.55476,1.72405
2022-04-01,0.04988,0.23899,0.52887,1.72042
2022-04-04,0.0472,0.20589,0.51155,1.72327
2022-04-06,0.04649,0.19615,0.50649,1.72399
2022-04-07,0.04649,0.18845,0.5081,1.72821
2022-04-08,0.04863,0.18464,0.50738,1.73131
2022-04-11,0.05583,0.18839,0.5081,1.77155
2022-04-12,0.05512,0.18538,0.50845,1.78815
2022-04-13,0.05441,0.18655,0.50786,1.79006
2022-04-14,0.05839,0.18726,0.50786,1.79857
2022-04-19,0.05149,0.19893,0.51685,1.80435
2022-04-20,0.0472,0.18768,0.515,1.80363
2022-04-21,0.04792,0.18839,0.52304,1.80786
2022-04-22,0.0472,0.18881,0.5256,1.81375
2022-04-25,0.05042,0.20298,0.55,1.94708
2022-04-26,0.04863,0.20696,0.62417,2.03423
2022-04-27,0.04863,0.21208,0.66881,2.04191
2022-04-28,0.04988,0.20798,0.69988,2.08048
2022-04-29,0.05583,0.20619,0.72875,2.09232
2022-05-03,0.05554,0.19899,0.72625,2.13685
2022-05-04,0.04792,0.19018,0.73935,2.16863
2022-05-05,0.04577,0.18708,0.74185,2.23393
2022-05-06,0.04792,0.1772,0.74893,2.30512
2022-05-10,0.05048,0.18375,0.75292,2.34274
2022-05-11,0.04649,0.17905,0.76339,2.36958
2022-05-12,0.0444,0.17976,0.79054,2.41976
2022-05-13,0.04435,0.17958,0.82661,2.48958
2022-05-16,0.04333,0.19173,0.83774,2.5381
2022-05-17,0.0419,0.18863,0.85399,2.58946
2022-05-18,0.04083,0.17935,0.87119,2.60655
2022-05-19,0.04226,0.18607,0.88673,2.60917
2022-05-20,0.04155,0.1875,0.89042,2.6081
2022-05-23,0.04381,0.18375,0.89774,2.60738
2022-05-24,0.04369,0.18304,0.9,2.60738
2022-05-25,0.0431,0.1872,0.89952,2.60738
2022-05-26,0.04369,0.18952,0.90143,2.60738
2022-05-27,0.04506,0.1881,0.89952,2.60667
2022-05-30,0.04833,0.19417,0.89881,2.59554
2022-05-31,0.09554,0.19542,0.89738,2.5953
2022-06-01,0.05191,0.22857,0.89952,2.58905
2022-06-02,0.04863,0.23952,0.89994,2.58191
2022-06-06,0.04524,0.23685,0.89923,2.57452
2022-06-07,0.04649,0.2481,0.89923,2.56976
2022-06-08,0.04792,0.25982,0.89756,2.55095
2022-06-09,0.04577,0.26768,0.89994,2.54655
2022-06-10,0.05119,0.26911,0.92,2.54488
2022-06-13,0.05839,0.30917,0.94071,2.57137
2022-06-14,0.13149,0.38232,1.03839,2.67244
2022-06-15,0.11244,0.52411,1.09375,2.85131
2022-06-16,0.10298,0.58435,1.17524,2.91875
2022-06-17,0.11327,0.60119,1.28982,2.98649
2022-06-20,0.10768,0.60911,1.34577,3.03679
2022-06-21,0.22405,0.64816,1.42661,3.10411
2022-06-22,0.23792,0.70625,1.47792,3.18137
2022-06-23,0.23315,0.82399,1.61036,3.28732
2022-06-24,0.19125,0.87506,1.68179,3.32
2022-06-27,0.21208,0.90321,1.72792,3.34524
2022-06-28,0.37911,0.89345,1.73786,3.3522
2022-06-29,0.48125,0.88375,1.74113,3.32351
2022-06-30,1.43476,0.87101,1.75226,3.31798
2022-07-04,0.84821,0.84839,1.75423,3.33054
2022-07-05,0.6847,0.78851,1.74589,3.31155
2022-07-06,0.7925,0.82946,1.73036,3.29816
2022-07-07,0.18435,0.78375,1.72744,3.27851
2022-07-08,0.17821,0.74196,1.71393,3.23875
2022-07-11,0.19911,0.73,1.70679,3.22548
2022-07-12,0.19506,0.72887,1.70714,3.21976
2022-07-13,0.17702,0.71679,1.70774,3.2319
2022-07-14,0.08042,0.74905,1.735,3.31798
2022-07-15,0.11595,0.75464,1.73571,3.32351
2022-07-18,0.12679,0.78542,1.75536,3.34363
2022-07-19,0.12286,0.86101,1.80375,3.37042
2022-07-20,0.12441,0.92125,1.87851,3.40821
2022-07-21,0.16375,0.94506,1.92155,3.44482
2022-07-22,0.29006,1.01143,1.9897,3.48089
2022-07-25,0.56131,1.06214,2.01786,3.49774
2022-07-26,0.80893,1.19185,2.0531,3.50054
2022-07-27,0.91351,1.30941,2.14155,3.52089
2022-07-28,1.0,1.38435,2.19161,3.57691
2022-07-29,0.93774,1.3306,2.2,3.57982
2022-08-01,0.89929,1.31964,2.20768,3.54714
2022-08-02,0.9344,1.28786,2.2006,3.52125
2022-08-03,0.9922,1.30512,2.20696,3.50542
2022-08-04,1.05405,1.43458,2.22083,3.52625
2022-08-05,0.98202,1.46149,2.22982,3.52881
2022-08-08,1.03911,1.50804,2.28661,3.53024
2022-08-09,1.1,1.54554,2.30958,3.55137
2022-08-10,1.30821,1.56691,2.32226,3.57691
2022-08-11,1.41351,1.63756,2.35631,3.6056
2022-08-12,1.45006,1.68375,2.37786,3.62411
2022-08-15,1.54571,1.71815,2.39089,3.63077
2022-08-16,1.7,1.87446,2.44935,3.62054
2022-08-17,1.5556,1.90143,2.49911,3.61696
2022-08-18,1.30012,1.9,2.50792,3.61196
2022-08-19,1.05131,1.85232,2.51691,3.61441
2022-08-22,0.94845,1.79774,2.52345,3.61369
2022-08-23,0.98012,1.78137,2.54101,3.61441
2022-08-24,0.99441,1.80327,2.55512,3.61226
2022-08-25,1.03988,1.80982,2.57804,3.61226
2022-08-26,1.02905,1.80911,2.59887,3.61298
2022-08-29,0.85905,1.82208,2.62,3.62143
2022-08-30,1.05774,1.8406,2.6297,3.65702
2022-08-31,1.18619,1.86542,2.6528,3.70637
2022-09-01,1.00786,1.88887,2.68161,3.76452
2022-09-02,1.01702,1.88024,2.70774,3.77875
2022-09-05,1.01321,1.91036,2.72226,3.79071
2022-09-06,1.10107,1.92946,2.74595,3.79685
2022-09-07,1.02304,1.91024,2.75982,3.79845
2022-09-08,0.98333,1.94691,2.76441,3.79774
2022-09-09,1.03167,2.00816,2.78917,3.79702
2022-09-13,1.24476,2.06494,2.79518,3.79774
2022-09-14,1.44917,2.09071,2.82899,3.86339
2022-09-15,1.56619,2.17661,2.90042,3.98155
2022-09-16,1.40679,2.35982,2.97875,4.04077
2022-09-19,1.36512,2.44625,3.01577,4.0925
2022-09-20,1.08988,2.54685,3.08464,4.11655
2022-09-21,1.17262,2.59488,3.15845,4.12946
2022-09-22,1.41905,2.60583,3.18202,4.17935
2022-09-23,1.45595,2.60952,3.20113,4.20702
2022-09-26,1.41631,2.6106,3.22018,4.23714
2022-09-27,1.38262,2.60988,3.24452,4.3222
2022-09-28,1.57155,2.60881,3.25107,4.3472
2022-09-29,1.68345,2.62768,3.28536,4.35417
2022-09-30,2.26196,2.61607,3.33327,4.4031
2022-10-03,1.75119,2.5822,3.35018,4.42125
2022-10-05,1.30667,2.51964,3.40077,4.42911
2022-10-06,1.13226,2.48363,3.45571,4.42881
2022-10-07,1.19571,2.44637,3.52917,4.4331
2022-10-10,1.315,2.42048,3.55857,4.52321
2022-10-11,1.70857,2.3981,3.60333,4.56637
2022-10-12,1.73643,2.42988,3.62292,4.60589
2022-10-13,1.71631,2.47125,3.68506,4.66149
2022-10-14,1.67048,2.51613,3.81536,4.71423
2022-10-17,1.71429,2.56619,3.95089,4.72839
2022-10-18,1.77583,2.63316,4.04488,4.81726
2022-10-19,1.81821,2.73214,4.11869,4.87339
2022-10-20,1.88476,2.84792,4.15071,4.9728
2022-10-21,1.93869,2.95643,4.24214,5.06369
2022-10-24,1.81631,3.01685,4.31756,5.12827
2022-10-25,1.8175,3.06566,4.38506,5.14833
2022-10-26,1.86774,3.0806,4.41476,5.18304
2022-10-27,2.00071,3.08125,4.47982,5.21458
2022-10-28,2.44857,3.11726,4.55351,5.23893
2022-10-31,3.02833,3.17339,4.58536,5.26649
2022-11-01,2.26869,3.20893,4.63238,5.29786
2022-11-02,2.07393,3.20845,4.68399,5.30929
2022-11-03,1.90595,3.20714,4.72714,5.32012
2022-11-04,1.73929,3.19196,4.76714,5.35066
2022-11-07,1.54048,3.19155,4.77774,5.41173
2022-11-08,1.45012,3.15321,4.79827,5.44268
2022-11-09,1.4656,3.06524,4.81429,5.45107
2022-11-10,1.3331,3.04315,4.82083,5.48125
2022-11-11,2.20238,3.00583,4.87333,5.50863
2022-11-14,2.64738,3.02512,4.97333,5.51946
2022-11-15,2.85143,3.07452,5.00964,5.52339
2022-11-16,3.44857,3.29714,5.05375,5.54238
2022-11-17,3.94881,3.57083,5.11071,5.56738
2022-11-18,2.85393,3.59185,5.11583,5.56202
2022-11-21,3.19345,3.64506,5.14762,5.56345
2022-11-22,3.35821,3.8897,5.17661,5.59327
2022-11-23,2.79583,3.97024,5.19042,5.59816
2022-11-24,3.18833,4.05024,5.20066,5.61964
2022-11-25,3.5,4.10958,5.22089,5.62696
2022-11-28,3.50179,4.12946,5.22911,5.63905
2022-11-29,3.55738,4.38458,5.27018,5.6622
2022-11-30,4.35179,4.43833,5.3075,5.67577
2022-12-01,4.02405,4.83881,5.31869,5.69202
2022-12-02,3.91464,4.91601,5.34875,5.68756
2022-12-05,3.93952,5.00566,5.38887,5.71405
2022-12-06,3.8275,5.08208,5.41691,5.76149
2022-12-07,2.55119,5.01982,5.40571,5.77369
2022-12-08,2.44095,4.99077,5.39554,5.77958
2022-12-09,2.11643,4.88792,5.39929,5.78214
2022-12-12,2.15833,4.88756,5.40768,5.78429
2022-12-13,2.90571,4.9381,5.40768,5.78357
2022-12-14,2.14476,4.9672,5.40768,5.78393
2022-12-15,2.05821,4.84714,5.40714,5.785
2022-12-16,1.82643,4.80577,5.40786,5.78488
2022-12-19,1.77012,4.75143,5.37607,5.78393
2022-12-20,1.49571,4.71798,5.3547,5.77226
2022-12-21,1.2656,4.64827,5.23643,5.72634
2022-12-22,1.3,4.50381,5.12036,5.6893
2022-12-23,1.50571,4.46268,5.0447,5.64179
2022-12-28,1.46762,4.41875,5.0281,5.62762
2022-12-29,2.42786,4.37554,5.02446,5.62452
2022-12-30,3.23417,4.34643,4.99351,5.60357
2023-01-03,1.96941,4.21054,4.95286,5.55292
2023-01-04,1.81833,3.86405,4.65036,5.35036
2023-01-05,1.77202,3.57744,4.43,5.26567
2023-01-06,1.97988,3.52316,4.44655,5.20071
2023-01-09,2.21429,3.53905,4.39631,5.20839
2023-01-10,1.79786,3.52333,4.31619,5.17512
2023-01-11,1.28417,3.35863,4.2028,5.12028
2023-01-12,1.12893,3.18196,4.11363,5.08649
2023-01-13,1.32429,3.18018,4.08298,5.05732
2023-01-16,1.73798,3.19946,3.98381,4.99673
2023-01-17,1.47929,3.20696,3.94089,4.97542
2023-01-18,1.27714,3.1778,3.88589,4.94196
2023-01-19,1.09298,3.02345,3.79774,4.85589
2023-01-20,1.43214,2.95488,3.75839,4.77446
2023-01-26,1.41036,2.94345,3.75345,4.74429
2023-01-27,1.41321,2.9397,3.74345,4.73875
2023-01-30,1.3,2.77149,3.69441,4.70696
2023-01-31,1.49548,2.70571,3.67256,4.69714
2023-02-01,1.18107,2.65667,3.61821,4.67994
2023-02-02,1.005,2.53369,3.54667,4.66625
2023-02-03,1.00821,2.40679,3.48036,4.60071
2023-02-06,1.21179,2.47083,3.53851,4.64198
2023-02-07,1.20107,2.45571,3.5228,4.66935
2023-02-08,1.15191,2.40595,3.47323,4.6831
2023-02-09,0.87274,2.31821,3.44107,4.66518
2023-02-10,0.90679,2.24274,3.43286,4.68315
2023-02-13,0.8,2.21363,3.42958,4.68458
2023-02-14,0.77345,2.12095,3.42958,4.68226
2023-02-15,0.74762,2.1422,3.4225,4.67768
2023-02-16,0.86036,2.18161,3.4303,4.68476
2023-02-17,1.23405,2.34262,3.4631,4.68185
2023-02-20,3.07333,2.60911,3.54631,4.70185
2023-02-21,2.88571,2.88292,3.6725,4.73726
2023-02-22,2.08702,2.83024,3.66144,4.75018
2023-02-23,2.3025,2.90298,3.70816,4.75
2023-02-24,2.39262,2.92327,3.75726,4.7581
2023-02-27,2.36202,2.96708,3.77804,4.7706
2023-02-28,3.84821,3.03167,3.7997,4.78369
2023-03-01,2.25024,3.04119,3.80768,4.79018
2023-03-02,1.97179,3.0372,3.80793,4.79089
2023-03-03,2.00357,3.05536,3.81845,4.78804
2023-03-06,1.95988,3.06589,3.82226,4.79304
2023-03-07,2.01274,3.09744,3.82369,4.78946
2023-03-08,2.02893,3.2472,3.86518,4.82149
2023-03-09,2.16095,3.30667,3.90964,4.88054
2023-03-10,2.3269,3.45476,4.03869,4.95244
2023-03-13,2.29857,3.49958,4.06077,4.94941
2023-03-14,2.0975,3.39786,3.97274,4.79929
2023-03-15,1.51345,3.17696,3.8197,4.56787
2023-03-16,1.43071,3.06732,3.75946,4.40964
2023-03-17,1.5306,3.00917,3.72702,4.29411
2023-03-20,1.61691,2.98988,3.71857,4.26125
2023-03-21,4.14286,3.4981,3.79405,4.26161
2023-03-22,2.39786,3.36887,3.72161,4.25089
2023-03-23,1.94905,3.35357,3.74625,4.25458
2023-03-24,1.34274,3.29071,3.75869,4.26083
2023-03-27,1.32976,3.26054,3.73893,4.22405
2023-03-28,1.22524,3.19673,3.71935,4.1822
2023-03-29,1.49143,3.17494,3.71208,4.20256
2023-03-30,1.35988,3.18202,3.70952,4.20911
2023-03-31,1.94071,3.14119,3.70988,4.21054
2023-04-03,1.18691,3.0953,3.68321,4.20982
2023-04-04,1.19976,3.00316,3.62566,4.2297
2023-04-06,1.18762,2.90042,3.59857,4.25321
2023-04-11,1.35952,2.8522,3.55768,4.24988
2023-04-12,1.44929,2.7906,3.49744,4.22191
2023-04-13,1.84226,2.81905,3.51125,4.25077
2023-04-14,1.85774,2.81298,3.5131,4.27762
2023-04-17,1.66488,2.81816,3.51274,4.2872
2023-04-18,1.68631,2.81494,3.51024,4.28935
2023-04-19,2.10857,2.86619,3.54714,4.29006
2023-04-20,2.20286,2.96089,3.57405,4.33482
2023-04-21,2.61762,3.07381,3.61036,4.36321
2023-04-24,3.11286,3.14042,3.62655,4.37804
2023-04-25,3.2,3.23375,3.67036,4.38125
2023-04-26,3.11179,3.28405,3.68226,4.40113
2023-04-27,3.03107,3.29077,3.68339,4.40696
2023-04-28,3.73774,3.30512,3.68339,4.40839
2023-05-02,3.21286,3.41071,3.71006,4.40911
2023-05-03,3.21738,3.55333,3.89929,4.47441
2023-05-04,3.41869,3.62857,3.99423,4.54929
2023-05-05,3.51929,3.66429,4.03595,4.55577
2023-05-08,3.55595,3.74857,4.05744,4.50351
2023-05-09,3.5206,3.77262,4.09339,4.50982
2023-05-10,4.4381,4.15762,4.2619,4.56476
2023-05-11,4.80607,4.52952,4.49071,4.56119
2023-05-12,4.54167,4.3425,4.43881,4.53131
2023-05-15,3.93619,4.17131,4.41429,4.54571
2023-05-16,4.22786,4.31667,4.47423,4.58071
2023-05-17,4.39048,4.45816,4.51821,4.59077
2023-05-18,4.74071,4.57238,4.61101,4.63881
2023-05-19,4.96583,4.69333,4.70952,4.70232
2023-05-22,4.71214,4.77506,4.77619,4.77476
2023-05-23,4.07512,4.63685,4.73262,4.7803
2023-05-24,3.04321,4.37917,4.61107,4.72744
2023-05-25,3.49238,4.38863,4.63202,4.71679
2023-05-29,4.22952,4.45298,4.63952,4.76321
2023-05-30,4.20679,4.50381,4.73482,4.84268
2023-05-31,3.83107,4.50893,4.77226,4.89018
2023-06-01,3.22583,4.50726,4.78464,4.90512
2023-06-02,2.04321,4.52012,4.75042,4.90738
2023-06-05,1.95012,4.30542,4.65411,4.84964
2023-06-06,2.01357,4.17982,4.58292,4.81833
2023-06-07,2.35405,4.2,4.60042,4.80994
2023-06-08,2.915,4.3325,4.60696,4.84577
2023-06-09,3.73464,4.45821,4.66024,4.86905
2023-06-12,3.70548,4.49143,4.69673,4.87774
2023-06-13,3.69869,4.53613,4.70911,4.87744
2023-06-14,3.88464,4.5869,4.72661,4.89286
2023-06-15,4.24738,4.74964,4.79333,4.955
2023-06-16,4.88238,4.96774,4.97,5.08792
2023-06-19,5.44179,5.02821,5.02679,5.13119
2023-06-20,5.3,5.10405,5.10262,5.14012
2023-06-21,5.15107,5.08101,5.07458,5.14923
2023-06-23,5.0175,5.05661,5.05554,5.10935
2023-06-26,4.94774,5.04649,5.04577,5.10071
2023-06-27,4.86976,4.97524,4.99274,5.07827
2023-06-28,4.94619,4.94589,4.97071,5.08
2023-06-29,5.5,4.9375,4.96631,5.08071
2023-06-30,5.75238,4.93405,4.96774,5.03316
2023-07-03,5.09881,4.93167,4.96774,5.01321
2023-07-04,5.36893,4.92881,4.96988,5.00738
2023-07-05,5.48357,4.96679,4.98202,5.00667
2023-07-06,5.41429,5.04405,5.04685,5.06964
2023-07-07,5.21738,5.05935,5.06048,5.10821
2023-07-10,4.50119,5.00446,5.01946,5.0825
2023-07-11,4.37702,4.9653,5.01423,5.1497
2023-07-12,3.99369,4.96702,5.00821,5.17875
2023-07-13,4.02726,4.9394,5.00714,5.18857
2023-07-14,4.4075,4.95887,5.00881,5.19256
2023-07-18,5.0,5.02845,5.06333,5.24185
2023-07-19,5.01607,5.09762,5.12827,5.27185
2023-07-20,5.03048,5.20911,5.23429,5.28815
2023-07-21,4.91179,5.19143,5.19798,5.29446
2023-07-24,4.67012,5.14107,5.15982,5.2819
2023-07-25,4.19952,5.06399,5.14577,5.29143
2023-07-26,4.18964,5.12827,5.18196,5.33054
2023-07-27,5.24083,5.24988,5.28411,5.39762
2023-07-28,5.22667,5.27119,5.28268,5.43863
2023-07-31,5.59536,5.28744,5.29071,5.45804
2023-08-01,5.39107,5.31095,5.31095,5.47589
2023-08-02,5.47155,5.42988,5.43107,5.53893
2023-08-03,4.90071,5.36054,5.39542,5.52958
2023-08-04,4.37429,5.25958,5.34244,5.51607
2023-08-07,4.21702,5.19744,5.29375,5.51066
2023-08-08,4.15369,5.20768,5.30655,5.50667
2023-08-09,3.49071,4.90905,5.19857,5.46452
2023-08-10,3.23238,4.76256,5.10964,5.42304
2023-08-11,3.5,4.72161,5.10845,5.39958
2023-08-14,3.64631,4.7628,5.12798,5.39887
2023-08-15,3.41274,4.76232,5.10441,5.40625
2023-08-16,3.37964,4.71089,5.07637,5.40696
2023-08-17,3.20964,4.63083,5.01816,5.35839
2023-08-18,3.21893,4.63,5.02435,5.3447
2023-08-21,3.20964,4.52036,4.94054,5.33143
2023-08-22,2.85655,4.38077,4.8306,5.31304
2023-08-23,2.82548,4.35345,4.78238,5.30506
2023-08-24,2.47667,4.23714,4.70839,5.26946
2023-08-25,2.39929,3.9997,4.6075,5.23679
2023-08-28,1.95214,3.81595,4.5175,5.20613
2023-08-29,1.83869,3.7547,4.45327,5.19417
2023-08-30,1.76869,3.76191,4.48274,5.18524
2023-08-31,2.53083,3.71691,4.44661,5.18905
2023-09-04,3.9075,3.68577,4.44274,5.1981
2023-09-05,3.7075,4.03036,4.5247,5.27357
2023-09-06,2.67119,4.1656,4.56589,5.26702
2023-09-07,2.88083,4.23298,4.58131,5.25214
2023-09-11,3.5231,4.29048,4.65137,5.32857
2023-09-12,4.14345,4.61935,4.81679,5.35875
2023-09-13,4.5,4.96839,4.98435,5.39601
2023-09-14,4.34488,4.97988,4.97458,5.37637
2023-09-15,4.42488,5.00185,5.00185,5.40542
2023-09-18,4.47702,5.09123,5.08994,5.44679
2023-09-19,4.92476,5.25732,5.21762,5.49274
2023-09-20,4.815,5.24649,5.21875,5.47429
2023-09-21,4.79083,5.23607,5.2128,5.45
2023-09-22,5.09012,5.23494,5.22839,5.48399
2023-09-25,5.75738,5.29161,5.28691,5.50042
2023-09-26,5.77655,5.36298,5.30655,5.50768
2023-09-27,5.66452,5.36232,5.28179,5.50786
2023-09-28,5.80964,5.39887,5.27316,5.50786
2023-09-29,5.67929,5.39661,5.27244,5.50786
2023-10-03,4.65262,5.06375,5.18863,5.47941
2023-10-04,4.62417,4.92595,5.17381,5.46179
2023-10-05,4.7,4.93131,5.20113,5.455
2023-10-06,4.82929,4.9381,5.20881,5.46214
2023-10-09,5.51429,4.94161,5.20738,5.46143
2023-10-10,4.92274,4.92905,5.17941,5.46232
2023-10-11,4.76917,4.95679,5.21976,5.46774
2023-10-12,4.68429,4.92304,5.21137,5.49929
2023-10-13,4.7,4.89119,5.2128,5.4778
2023-10-16,4.64441,4.93542,5.22625,5.47625
2023-10-17,4.6456,5.0172,5.29208,5.48929
2023-10-18,3.79845,4.96161,5.27548,5.4797
2023-10-19,3.42857,4.8653,5.18744,5.42655
2023-10-20,4.48655,4.90768,5.20619,5.45304
2023-10-24,4.56119,4.96518,5.2306,5.4706
2023-10-25,4.1975,4.94821,5.22625,5.46917
2023-10-26,4.28155,4.94929,5.21208,5.47131
2023-10-27,4.29429,4.94929,5.24095,5.47202
2023-10-30,4.39464,4.96518,5.26125,5.48006
2023-10-31,4.52905,4.9047,5.24262,5.47345
2023-11-01,4.51643,4.8756,5.22631,5.47345
2023-11-02,4.43548,4.8828,5.25875,5.4731
2023-11-03,4.38048,4.85214,5.22845,5.47202
2023-11-06,4.38405,4.86887,5.24482,5.45232
2023-11-07,4.38119,4.83792,5.24661,5.45232
2023-11-08,4.35143,4.9,5.26917,5.45232
2023-11-09,4.505,4.92946,5.32958,5.45375
2023-11-10,4.59214,4.98202,5.34667,5.48863
2023-11-13,4.44262,4.96304,5.35875,5.48411
2023-11-14,4.40607,4.96988,5.36089,5.4847
2023-11-15,4.35012,4.97441,5.36089,5.48196
2023-11-16,4.32464,4.97345,5.35518,5.49274
2023-11-17,4.70221,5.03506,5.42226,5.49667
2023-11-20,4.82845,5.21351,5.45994,5.54119
2023-11-21,4.88238,5.29786,5.52798,5.59714
2023-11-22,4.76179,5.3472,5.5922,5.62857
2023-11-23,5.0706,5.36726,5.62714,5.62917
2023-11-24,5.07048,5.37941,5.64167,5.58054
2023-11-27,5.10988,5.53411,5.70768,5.6431
2023-11-28,4.89463,5.59012,5.73226,5.67119
2023-11-29,4.68048,5.65946,5.73083,5.65214
2023-11-30,4.21548,5.51673,5.61054,5.55185
2023-12-01,4.05191,5.5325,5.55357,5.50566
2023-12-04,3.82012,5.53179,5.5153,5.43387
2023-12-05,3.70274,5.47583,5.46399,5.38762
2023-12-06,3.61821,5.42316,5.3778,5.32714
2023-12-07,4.58512,5.47446,5.40113,5.34476
2023-12-08,4.36119,5.46345,5.3747,5.34536
2023-12-11,3.81714,5.4306,5.36988,5.33286
2023-12-12,3.72488,5.41714,5.36631,5.33077
2023-12-13,3.37679,5.41066,5.35286,5.32935
2023-12-14,3.22643,5.40857,5.34417,5.32577
2023-12-15,3.50143,5.39696,5.32643,5.29494
2023-12-18,4.23119,5.46054,5.34095,5.28399
2023-12-19,4.96583,5.62196,5.38268,5.2903
2023-12-20,4.85762,5.65232,5.37101,5.30155
2023-12-21,4.88762,5.62333,5.36958,5.28595
2023-12-22,4.69976,5.62762,5.36208,5.2831
2023-12-27,4.02976,5.57911,5.35006,5.28095
2023-12-28,4.05405,5.47054,5.26929,5.23571
2023-12-29,6.09286,5.2681,5.15238,5.20911
2024-01-02,4.40452,4.98536,5.07161,5.09458
2024-01-03,4.66679,4.88048,5.01208,5.02946
2024-01-04,4.92012,4.89119,4.96929,4.98691
2024-01-05,4.73917,4.87071,4.94714,4.95917
2024-01-08,4.77083,4.89357,4.94845,4.96702
2024-01-09,4.62131,4.90583,4.94774,4.95429
2024-01-10,3.86833,4.84625,4.87738,4.88524
2024-01-11,3.76298,4.79131,4.82816,4.83071
2024-01-12,3.92488,4.76958,4.80613,4.80827
2024-01-15,4.77691,4.76161,4.79816,4.79768
2024-01-16,4.05952,4.74048,4.78107,4.77821
2024-01-17,4.09583,4.73119,4.75137,4.74875
2024-01-18,4.03167,4.7281,4.73941,4.73607
2024-01-19,4.04679,4.74851,4.76333,4.76191
2024-01-22,3.99405,4.74708,4.76476,4.76548
2024-01-23,3.73095,4.75363,4.76548,4.76619
2024-01-24,3.02,4.6475,4.7381,4.73905
2024-01-25,3.22464,4.5875,4.71125,4.71339
2024-01-26,3.31179,4.55911,4.66839,4.7
2024-01-29,4.03595,4.60042,4.7,4.70911
2024-01-30,4.41036,4.60952,4.70911,4.70952
2024-01-31,5.12536,4.58964,4.70839,4.7081
2024-02-01,3.99929,4.5647,4.69345,4.70952
2024-02-02,3.99357,4.54929,4.6778,4.69887
2024-02-05,3.97512,4.51262,4.67244,4.69345
2024-02-06,3.97512,4.50393,4.6706,4.69089
2024-02-07,4.12429,4.52875,4.67083,4.69089
2024-02-08,4.49262,4.52435,4.67131,4.70583
2024-02-09,4.97337,4.5381,4.6706,4.70583
2024-02-14,4.13393,4.54441,4.68601,4.76893
2024-02-15,4.05714,4.58196,4.7,4.76191
2024-02-16,4.18821,4.57173,4.69345,4.75839
2024-02-19,4.90226,4.57173,4.6828,4.76018
2024-02-20,4.005,4.54226,4.63673,4.7647
2024-02-21,4.00893,4.55863,4.67131,4.76375
2024-02-22,4.005,4.55048,4.68458,4.76732
2024-02-23,3.81679,4.52208,4.68387,4.765
2024-02-26,3.66095,4.48988,4.68387,4.7672
2024-02-27,3.83143,4.47214,4.6853,4.76589
2024-02-28,3.9419,4.4706,4.68458,4.76661
2024-02-29,4.96702,4.48494,4.68387,4.76571
2024-03-01,3.93417,4.46917,4.68315,4.76571
2024-03-04,3.80143,4.46917,4.68458,4.76732
2024-03-05,3.67905,4.5,4.6853,4.76283
2024-03-06,3.70107,4.5,4.68458,4.76542
2024-03-07,3.79048,4.525,4.68387,4.83244
2024-03-08,3.92083,4.53202,4.68315,4.83693
2024-03-11,3.78131,4.51923,4.68333,4.8372
2024-03-12,3.74286,4.5128,4.68315,4.82768
2024-03-13,3.70929,4.51066,4.68325,4.82911
2024-03-14,3.80071,4.51316,4.68387,4.82875
2024-03-15,3.9331,4.5128,4.68387,4.82911
2024-03-18,4.0556,4.51351,4.6775,4.8381
2024-03-19,4.07226,4.57333,4.67583,4.85494
2024-03-20,4.23238,4.6,4.67625,4.86476
2024-03-21,4.41536,4.68774,4.71143,4.86512
2024-03-22,4.61286,4.74494,4.73464,4.86536
2024-03-25,4.91357,4.8347,4.7303,4.88315
2024-03-26,4.54607,4.86452,4.73941,4.88208
2024-03-27,4.09369,4.8228,4.73071,4.87417
2024-03-28,5.0,4.80143,4.71679,4.8735
2024-04-02,3.96619,4.61214,4.68619,4.85661
2024-04-03,3.98441,4.5081,4.65893,4.84048
2024-04-05,3.9675,4.46185,4.63696,4.81863
2024-04-08,3.87821,4.44929,4.61363,4.81066
2024-04-09,3.88762,4.42851,4.60429,4.8081
2024-04-10,3.8425,4.3775,4.57851,4.80643
2024-04-11,3.895,4.30964,4.53833,4.80595
2024-04-12,3.84119,4.28607,4.52691,4.79887
2024-04-15,3.89048,4.28643,4.50327,4.79274
2024-04-16,3.94167,4.28905,4.49274,4.79089
2024-04-17,3.81071,4.28714,4.49202,4.81911
2024-04-18,3.3175,4.25321,4.48881,4.81911
2024-04-19,2.94119,4.16702,4.46845,4.82845
2024-04-22,2.82405,4.10929,4.47887,4.8306
2024-04-23,2.66036,4.01637,4.45446,4.81351
2024-04-24,2.68964,3.96542,4.46214,4.83024
2024-04-25,3.19691,4.00893,4.4725,4.8178
2024-04-26,3.89048,4.13554,4.51464,4.8306
2024-04-29,4.70786,4.26316,4.54554,4.85095
2024-04-30,5.25381,4.29982,4.5525,4.85679
2024-05-02,4.37607,4.34095,4.58333,4.87173
2024-05-03,4.42167,4.39089,4.60185,4.88512
2024-05-06,4.02631,4.33,4.59155,4.85982
2024-05-07,3.42381,4.19929,4.57548,4.84411
2024-05-08,3.60631,4.14054,4.57333,4.82077
2024-05-09,3.72607,4.16,4.57089,4.8178
2024-05-10,3.68905,4.16071,4.58101,4.84768
2024-05-13,3.63345,4.14935,4.58387,4.84839
2024-05-14,3.62274,4.18816,4.58244,4.85679
2024-05-16,3.6181,4.19982,4.6,4.86071
2024-05-17,3.6319,4.24351,4.64065,4.88434
2024-05-20,3.80786,4.32006,4.68619,4.92298
2024-05-21,4.06226,4.44155,4.73333,4.95569
2024-05-22,4.0,4.49089,4.77661,4.98553
2024-05-23,3.92524,4.49006,4.77369,4.99119
2024-05-24,4.0381,4.49089,4.77274,4.99333
2024-05-27,4.25452,4.49125,4.77488,4.99191
2024-05-28,4.21197,4.50726,4.75976,4.99262
2024-05-29,3.94452,4.49816,4.75869,4.98976
2024-05-30,3.90679,4.47923,4.73869,4.97625
2024-05-31,4.47226,4.47411,4.73429,4.97798
2024-06-03,3.70607,4.5,4.72006,4.97941
2024-06-04,3.62762,4.48315,4.7178,4.97369
2024-06-05,3.695,4.47274,4.7178,4.97798
2024-06-06,3.7,4.50071,4.72917,4.97278
2024-06-07,3.9,4.51054,4.72893,4.97226
2024-06-11,3.8,4.50982,4.73238,4.97441
2024-06-12,3.85214,4.50982,4.72988,4.97512
2024-06-13,3.90607,4.50952,4.73405,4.98214
2024-06-14,3.9,4.50881,4.73292,4.98393
2024-06-17,3.9,4.52155,4.73387,4.98643
2024-06-18,3.86036,4.52768,4.73387,4.98512
2024-06-19,4.30857,4.52881,4.74262,4.98607
2024-06-20,4.19476,4.57792,4.7481,4.98714
2024-06-21,4.25143,4.5931,4.75607,4.98607
2024-06-24,4.405,4.63506,4.7881,4.98643
2024-06-25,4.43429,4.70839,4.80583,4.98643
2024-06-26,4.27155,4.7,4.78494,4.9881
2024-06-27,4.26583,4.65821,4.76089,4.99042
2024-06-28,4.97726,4.61024,4.75375,4.98899
2024-07-02,4.26548,4.55946,4.74083,4.96255
2024-07-03,4.25738,4.51423,4.73898,4.95446
2024-07-04,5.13833,4.5128,4.72417,4.95375
2024-07-05,4.52988,4.51208,4.72488,4.95518
2024-07-08,4.5,4.5472,4.7225,4.95446
2024-07-09,4.50857,4.59494,4.72536,4.95304
2024-07-10,4.49714,4.6,4.70994,4.93738
2024-07-11,4.41274,4.58577,4.7,4.91113
2024-07-12,4.44476,4.6,4.71423,4.90071
2024-07-15,4.44119,4.6,4.71244,4.89417
2024-07-16,4.48131,4.63274,4.71351,4.88363
2024-07-17,4.5481,4.67381,4.7128,4.87583
2024-07-18,4.52976,4.68363,4.69929,4.86655
2024-07-19,4.4922,4.65149,4.7,4.83835
2024-07-22,4.47833,4.63345,4.68649,4.83667
2024-07-23,4.5,4.63899,4.69024,4.82702
2024-07-24,4.5256,4.61821,4.65417,4.82517
2024-07-25,4.51393,4.6175,4.65333,4.80923
2024-07-26,4.49786,4.6175,4.64054,4.79786
2024-07-29,4.47845,4.5853,4.63012,4.78506
2024-07-30,4.4306,4.54077,4.59363,4.77259
2024-07-31,5.1531,4.51637,4.57369,4.74477
2024-08-01,4.25238,4.43649,4.54095,4.67536
2024-08-02,4.09464,4.33381,4.48649,4.61679
2024-08-05,3.87345,4.3,4.47845,4.60363
2024-08-06,3.91036,4.23756,4.38077,4.53952
2024-08-07,3.77941,4.13381,4.33311,4.45691
2024-08-08,3.67976,4.07417,4.3,4.44125
2024-08-09,3.67762,4.0356,4.28244,4.44054
2024-08-12,3.68202,4.05196,4.3,4.43042
2024-08-13,3.73905,4.05,4.28458,4.42103
2024-08-14,3.7656,4.07833,4.29857,4.41811
2024-08-15,3.60298,4.10369,4.28929,4.4281
2024-08-16,3.64333,4.1,4.30696,4.40262
2024-08-19,3.59119,4.08458,4.30768,4.41351
2024-08-20,3.50893,4.07452,4.29155,4.40405
2024-08-21,3.46631,4.05423,4.3,4.38435
2024-08-22,3.41,3.99714,4.28315,4.36095
2024-08-23,3.34571,3.9853,4.27012,4.34643
2024-08-26,3.21464,3.97345,4.25071,4.35524
2024-08-27,3.09917,3.92298,4.22179,4.3306
2024-08-28,3.07095,3.9078,4.20827,4.28738
2024-08-29,3.21631,3.92661,4.19363,4.27994
2024-08-30,3.41952,3.93095,4.2,4.27589
2024-09-02,4.44452,3.93905,4.2,4.26619
2024-09-03,3.37774,3.89929,4.17083,4.24625
2024-09-04,3.42357,3.88857,4.15637,4.24625
2024-09-05,3.48071,3.88607,4.15708,4.24554
2024-09-09,3.40536,3.88857,4.14577,4.21387
2024-09-10,3.28881,3.89893,4.10994,4.18393
2024-09-11,2.93274,3.88643,4.11208,4.14518
2024-09-12,2.79857,3.81423,4.08315,4.11643
2024-09-13,2.6531,3.7231,4.01042,4.07649
2024-09-16,2.44262,3.7128,4.00357,4.07351
2024-09-17,2.68452,3.7,4.00214,4.06048
2024-09-19,3.09512,3.61441,3.90232,4.00769
2024-09-20,3.495,3.64548,3.87833,3.93304
2024-09-23,3.7806,3.73935,3.89113,3.93304
2024-09-24,4.18976,4.02179,4.05441,3.9706
2024-09-25,4.22524,4.04845,4.06196,3.96095
2024-09-26,4.36226,4.07566,4.07071,3.95101
2024-09-27,5.39857,4.18752,4.14464,3.97917
2024-09-30,6.39262,4.32101,4.18024,3.96857
2024-10-02,4.98226,4.34476,4.37375,3.95345
2024-10-03,5.27833,4.48363,4.50762,4.05333
2024-10-04,5.35357,4.5,4.51066,4.0278
2024-10-07,5.46869,4.5,4.51244,4.03244
2024-10-08,5.23167,4.61423,4.51208,4.1
2024-10-09,4.41405,4.42393,4.35631,4.05304
2024-10-10,4.60893,4.41524,4.36119,4.08601
2024-10-14,5.18095,4.37155,4.32774,4.0756
2024-10-15,4.75929,4.4225,4.32774,4.07631
2024-10-16,4.54726,4.36798,4.32274,4.07488
2024-10-17,4.28202,4.32952,4.28458,4.04095
2024-10-18,4.20952,4.29607,4.27274,4.04363
2024-10-21,4.18905,4.31494,4.3472,4.09595
2024-10-22,3.98476,4.2853,4.29524,4.08387
2024-10-23,3.75726,4.24018,4.29929,4.07488
2024-10-24,3.79429,4.2403,4.31994,4.07488
2024-10-25,3.80393,4.2403,4.31708,4.08887
2024-10-28,3.79292,4.20833,4.31071,4.08815
2024-10-29,3.87976,4.21137,4.30071,4.09929
2024-10-30,4.04905,4.2256,4.30214,4.11327
2024-10-31,4.7,4.24119,4.30923,4.11256
2024-11-01,3.89762,4.21566,4.29929,4.09929
2024-11-04,3.65774,4.0847,4.25518,4.08893
2024-11-05,3.70964,4.05214,4.22845,4.08583
2024-11-06,3.74345,4.02631,4.227,4.08964
2024-11-07,3.74476,4.02911,4.22839,4.08679
2024-11-08,3.9806,4.10994,4.28268,4.08821
2024-11-11,4.47524,4.14048,4.28649,4.08893
2024-11-12,3.82345,4.13131,4.30994,4.08821
2024-11-13,3.81964,4.12536,4.3128,4.08607
2024-11-14,3.93024,4.13911,4.32417,4.10994
2024-11-15,3.8731,4.14119,4.34048,4.13191
2024-11-18,3.89762,4.12524,4.3178,4.11179
2024-11-19,3.78512,4.1322,4.31494,4.11321
2024-11-20,3.7606,4.13077,4.31423,4.1125
2024-11-21,3.7244,4.13149,4.3128,4.11179
2024-11-22,3.5956,4.13149,4.31494,4.11393
2024-11-25,3.74417,4.13077,4.31494,4.11393
2024-11-26,3.76941,4.165,4.34804,4.13077
2024-11-27,3.73941,4.18565,4.3706,4.13054
2024-11-28,4.27607,4.28935,4.40214,4.15446
2024-11-29,4.42738,4.30893,4.41208,4.15375
2024-12-02,3.84857,4.35929,4.37274,4.15661
2024-12-03,3.74476,4.38131,4.3731,4.15446
2024-12-04,3.74548,4.4,4.37119,4.10827
2024-12-05,3.64143,4.37274,4.35643,4.1
2024-12-06,3.7,4.31042,4.32893,4.1
2024-12-09,3.71643,4.32738,4.3,4.1
2024-12-10,3.95952,4.3953,4.33238,4.1
2024-12-11,4.0,4.44881,4.3628,4.1
2024-12-12,3.91036,4.48125,4.38315,4.1
2024-12-13,3.9,4.47238,4.3528,4.1
2024-12-16,3.85571,4.47274,4.35375,4.1
2024-12-17,3.9,4.47345,4.35423,4.1
2024-12-18,4.3,4.48357,4.35286,4.1125
2024-12-19,4.32524,4.52982,4.35375,4.18506
2024-12-20,4.18976,4.53006,4.35214,4.1872
2024-12-23,4.02952,4.53149,4.35214,4.2
2024-12-24,4.47441,4.53952,4.35304,4.2
2024-12-27,5.17476,4.58435,4.35286,4.2
2024-12-30,6.50357,4.59286,4.37083,4.21542
2024-12-31,5.64631,4.57941,4.37083,4.2
2025-01-02,4.13071,4.18292,4.20393,4.15
2025-01-03,4.02357,4.15,4.16119,4.14024
2025-01-06,4.0,4.13649,4.12655,4.1431
2025-01-07,4.12488,4.17488,4.14452,4.15708
2025-01-08,4.11679,4.17274,4.14381,4.15446
2025-01-09,4.0,4.15518,4.12601,4.14024
2025-01-10,3.87262,4.09429,4.10036,4.09571
2025-01-13,3.6,4.05393,4.05405,4.0706
2025-01-14,3.44333,3.99,4.00351,4.04637
2025-01-15,2.91417,3.93268,3.93482,4.01566
2025-01-16,2.89369,3.9153,3.9,4.0
2025-01-17,2.63071,3.90994,3.9,4.0
2025-01-20,3.8594,3.9128,3.9,4.0
2025-01-21,3.05071,3.9,3.9,4.0
2025-01-22,2.805,3.88244,3.88315,3.96702
2025-01-23,2.8,3.78387,3.86637,3.95
2025-01-24,3.16726,3.80571,3.83399,3.9481
2025-01-27,4.08345,3.84333,3.83149,3.93982
2025-01-28,4.37191,3.82917,3.81351,3.93982
2025-02-03,3.65452,3.73589,3.76839,3.92583
2025-02-04,3.94476,3.7,3.79857,3.92702
2025-02-05,3.94929,3.68387,3.79857,3.94411
2025-02-06,4.105,3.77613,3.81351,3.92845
2025-02-07,4.05607,3.79458,3.83024,3.95982
2025-02-10,3.59286,3.77458,3.81244,3.96018
2025-02-11,3.04988,3.7469,3.80994,3.95804
2025-02-12,2.67905,3.62101,3.78387,3.95946
2025-02-13,3.0,3.64452,3.77631,3.98107
2025-02-14,3.02821,3.67298,3.79101,3.98887
2025-02-17,4.23512,3.87726,3.90929,4.01923
2025-02-18,4.10143,3.94964,3.95762,4.01887
2025-02-19,4.14333,4.06625,4.02583,4.05071
2025-02-20,3.98833,4.05833,4.0,4.06089
2025-02-21,3.8381,4.05946,4.06196,4.11762
2025-02-24,3.45845,4.06018,4.05946,4.11726
2025-02-25,2.97488,3.93827,4.0125,4.08077
2025-02-26,3.6131,3.99714,4.0419,4.11268
2025-02-27,3.38179,3.98155,4.0128,4.11816
2025-02-28,3.77202,3.96018,4.01351,4.13696
2025-03-03,3.08381,3.87226,3.97441,4.10357
2025-03-04,3.12595,3.87155,3.98601,4.10143
2025-03-05,3.02131,3.85518,3.98387,4.10994
2025-03-06,2.93238,3.84149,3.96958,4.10994
2025-03-07,2.71857,3.79714,3.9206,4.07393
2025-03-10,3.02238,3.8,3.91821,4.07619
2025-03-11,3.88191,3.9128,3.97643,4.09173
2025-03-12,3.27226,3.83792,3.91536,4.05923
2025-03-13,2.6675,3.8,3.90232,4.05446
2025-03-14,2.63833,3.75143,3.84381,4.05375
2025-03-17,2.62,3.75143,3.85613,4.05375
2025-03-18,2.70143,3.78315,3.87488,4.06232
2025-03-19,2.71464,3.8,3.9,4.06232
2025-03-20,2.82202,3.8128,3.9256,4.06917
2025-03-21,2.96917,3.82988,3.9275,4.07345
2025-03-24,2.8,3.8122,3.91458,4.07345
2025-03-25,2.8,3.8,3.91066,4.07345
2025-03-26,2.76833,3.8,3.91137,4.08244
2025-03-27,2.72036,3.77441,3.88458,4.05851
2025-03-28,3.04119,3.73661,3.88315,4.05446
2025-03-31,3.85476,3.7275,3.88244,4.05304
2025-04-01,2.9,3.6256,3.83131,4.03387
2025-04-02,2.88119,3.4872,3.8,3.98601
2025-04-03,3.0,3.43667,3.78387,3.97274
2025-04-07,3.0456,3.45554,3.78673,3.95518
2025-04-08,3.08333,3.51179,3.8,3.95518
2025-04-09,3.05762,3.5,3.8,3.93351
2025-04-10,3.18714,3.51137,3.8,3.95214
2025-04-11,3.13167,3.52917,3.8,3.96018
2025-04-14,3.19036,3.65119,3.88435,4.00952
2025-04-15,3.04167,3.6128,3.85768,4.0
2025-04-16,3.09857,3.58381,3.85536,4.0
2025-04-17,3.32192,3.58212,3.85596,4.0
2025-04-22,3.33179,3.60101,3.85036,4.0
2025-04-23,3.58536,3.7,3.88577,4.0
2025-04-24,3.84976,3.76208,3.91536,4.0
2025-04-25,4.02179,3.82994,3.9406,4.0128
2025-04-28,4.21107,4.0131,4.04363,4.0903
2025-04-29,4.27774,4.06851,4.06601,4.1
2025-04-30,4.5,3.95333,3.9872,4.05446
2025-05-02,4.3,3.98363,4.01399,4.07083
2025-05-06,3.41393,3.65506,3.74119,3.85488
2025-05-07,2.49905,3.08,3.38292,3.60929
2025-05-08,0.38952,2.09452,2.77036,3.35345
2025-05-09,0.09786,1.93655,2.78238,3.24095
2025-05-12,0.07167,1.92321,2.65066,3.26393
2025-05-13,0.0444,1.56595,2.27595,3.09655
2025-05-14,0.03863,1.32976,2.05083,3.04429
2025-05-15,0.0575,1.35083,2.11964,3.14405
2025-05-16,0.06196,1.29798,2.19619,3.25107
2025-05-19,0.03577,1.19048,2.145,3.25702
2025-05-20,0.02667,0.96036,1.98726,3.26595
2025-05-21,0.03577,0.7578,1.80845,3.22071
2025-05-22,0.02833,0.66613,1.70976,3.18071
2025-05-23,0.02702,0.58964,1.55286,3.08964
2025-05-26,0.02336,0.56917,1.36952,3.02786
2025-05-27,0.02887,0.60119,1.36714,2.93
2025-05-28,0.02774,0.59589,1.37774,2.95417
2025-05-29,0.02816,0.58857,1.32286,2.95917
2025-05-30,0.03143,0.58762,1.32286,2.9125
2025-06-02,0.02458,0.88893,1.70786,3.02679
2025-06-03,0.02027,0.87423,1.76048,3.06262
2025-06-04,0.01289,0.76952,1.7528,3.07774
2025-06-05,0.01949,0.7,1.77226,3.11107
2025-06-06,0.02182,0.63952,1.73881,3.08476
2025-06-09,0.02,0.55982,1.71964,3.03952
2025-06-10,0.02,0.54524,1.69714,3.01393
2025-06-11,0.02,0.62119,1.72226,3.02268
2025-06-12,0.02,0.63185,1.72857,3.01607
2025-06-13,0.01818,0.5981,1.7,2.99036
2025-06-16,0.01854,0.53952,1.62393,3.00613
2025-06-17,0.02917,0.52452,1.55566,2.99685
2025-06-18,0.01967,0.5403,1.54095,2.97268
2025-06-19,0.02,0.53506,1.52958,2.97196
2025-06-20,0.01979,0.52845,1.51464,2.96792
2025-06-23,0.01777,0.68363,1.5175,2.98304
2025-06-24,0.02,0.74714,1.55071,2.98661
2025-06-25,0.02071,0.90964,1.71179,3.00393
2025-06-26,0.0375,0.96554,1.76339,3.01649
2025-06-27,0.03393,0.83036,1.71179,2.98214
2025-06-30,0.02839,0.72744,1.67958,2.96274
2025-07-02,0.02,0.72958,1.70589,2.90869
2025-07-03,0.02039,0.7125,1.7,2.90601
2025-07-04,0.02982,0.85875,1.78435,2.9231
2025-07-07,0.08373,1.05446,1.81488,2.95506
2025-07-08,0.04042,1.07488,1.81464,2.93304
2025-07-09,0.0697,1.10143,1.80393,2.925
2025-07-10,0.07113,1.03304,1.8,2.89685
2025-07-11,0.08935,1.08191,1.84857,2.92786
2025-07-14,0.2,1.14857,1.90214,2.92411
2025-07-15,0.1997,1.13905,1.9128,2.93923
2025-07-16,0.12095,1.17482,2.00536,2.97125
2025-07-17,0.18905,1.17726,2.03976,2.97006
2025-07-18,0.13232,1.07321,1.93256,2.92452
2025-07-21,0.19006,0.91036,1.8322,2.90441
2025-07-22,0.19512,0.92958,1.79238,2.90655
2025-07-23,0.18512,0.93817,1.78101,2.88976
2025-07-24,0.2203,0.89857,1.7628,2.88762
2025-07-25,0.26857,0.91679,1.75,2.88762
2025-07-28,0.56941,1.02321,1.70262,2.88762
2025-07-29,0.48315,1.02143,1.70214,2.85524
2025-07-30,0.42494,1.03244,1.62179,2.80113
2025-07-31,0.18506,1.03363,1.6175,2.80185
2025-08-01,0.17994,0.9931,1.61821,2.78976
2025-08-04,0.13387,0.93762,1.58244,2.69643
2025-08-06,0.13738,0.87774,1.61607,2.67298
2025-08-07,0.20143,0.96494,1.64702,2.66042
2025-08-08,0.27274,0.95893,1.62679,2.65589
2025-08-11,0.19417,0.95202,1.62893,2.64381
2025-08-12,0.16423,0.90893,1.6,2.6431
2025-08-13,0.17708,0.91036,1.60637,2.61786
2025-08-14,0.37619,1.04524,1.72488,2.61964
2025-08-15,0.76935,1.45095,1.8606,2.67143
2025-08-18,1.96768,2.01393,2.18333,2.76637
2025-08-19,2.89393,2.57417,2.57488,2.93393
2025-08-20,2.78762,2.85774,2.92595,3.18405
2025-08-21,2.7981,2.84191,2.87548,3.15274
2025-08-22,2.76786,2.7706,2.83738,3.12071
2025-08-25,2.66345,2.7272,2.78952,3.08161
2025-08-26,2.7375,2.81464,2.91393,3.09863
2025-08-27,3.12357,3.2331,3.2731,3.23393
2025-08-28,3.98226,3.30649,3.3072,3.30363
2025-08-29,4.00012,3.29655,3.29583,3.27167
2025-09-01,4.64714,3.15345,3.19226,3.17976
2025-09-02,2.88679,3.14816,3.21107,3.21036
2025-09-03,2.30298,2.84964,3.01179,3.13887
2025-09-04,2.42179,2.96702,3.07946,3.17482
2025-09-05,2.52274,3.00018,3.10863,3.1881
2025-09-09,2.61607,3.04369,3.10869,3.16893
2025-09-10,2.60512,3.08625,3.16631,3.17036
2025-09-11,2.41536,3.0372,3.14875,3.17036
2025-09-12,2.63333,3.16196,3.22173,3.22738
2025-09-15,3.06107,3.19036,3.3,3.28577
2025-09-16,2.88262,3.2175,3.3431,3.32887
2025-09-17,2.90917,3.21107,3.29756,3.33125
2025-09-18,3.06,3.36089,3.39827,3.35732
2025-09-19,3.24536,3.41607,3.42673,3.36161
2025-09-22,4.13429,3.6131,3.55774,3.38976
2025-09-23,4.4525,3.91107,3.73881,3.41607
2025-09-25,3.69893,3.62202,3.53458,3.38762
2025-09-26,3.93024,3.60661,3.52036,3.38173
2025-09-29,3.71536,3.59804,3.52714,3.38905
2025-09-30,5.01798,3.53762,3.52571,3.38691
2025-10-02,3.6,3.49685,3.54024,3.38619
2025-10-03,3.62036,3.51464,3.58905,3.38619
2025-10-06,3.7675,3.58667,3.60232,3.38905
2025-10-08,3.46214,3.55417,3.61714,3.38691
2025-10-09,3.41917,3.52036,3.5931,3.37054
2025-10-10,3.54131,3.48435,3.58577,3.36821
2025-10-13,3.59571,3.44024,3.52321,3.32631
2025-10-14,3.56393,3.50423,3.57226,3.36536
2025-10-15,3.34476,3.42417,3.53066,3.3225
2025-10-16,3.42417,3.46494,3.53155,3.35738
2025-10-17,3.61524,3.53167,3.59173,3.3294
2025-10-20,3.78393,3.57857,3.60613,3.33024
2025-10-21,3.84191,3.66411,3.68679,3.32988
2025-10-22,3.17595,3.53185,3.61768,3.30756
2025-10-23,3.03952,3.54095,3.61393,3.32512
2025-10-24,2.91345,3.47292,3.57268,3.33405
2025-10-27,2.9325,3.5,3.59262,3.35417
2025-10-28,3.26679,3.43738,3.55637,3.3431
2025-10-30,3.07464,3.41536,3.541,3.37387
2025-10-31,3.85667,3.42911,3.54899,3.40077
2025-11-03,3.0381,3.38173,3.54095,3.38583
2025-11-04,2.79691,3.315,3.52816,3.38619
2025-11-05,2.57464,3.16131,3.45286,3.35702
2025-11-06,2.5225,3.11845,3.46982,3.34685
2025-11-07,2.37226,3.04637,3.44137,3.34756
2025-11-10,2.2475,3.02268,3.41506,3.34827
2025-11-11,2.64821,3.01982,3.43357,3.34613
2025-11-12,2.68738,3.11661,3.45774,3.36393
2025-11-13,2.53548,3.09756,3.49048,3.38482
2025-11-14,2.08667,3.06351,3.46982,3.38411
2025-11-17,1.81179,3.00429,3.43476,3.3931
2025-11-18,1.62202,2.87762,3.41571,3.3675
2025-11-19,1.0625,2.28369,3.05774,3.1928
2025-11-20,1.37369,2.41036,3.0809,3.21202
2025-11-21,1.5331,2.495,3.08435,3.23601
2025-11-24,1.46988,2.6256,3.08363,3.24452
2025-11-25,1.37107,2.81369,3.1431,3.26018
2025-11-26,1.92869,2.97768,3.2,3.27607
2025-11-27,3.36905,3.2428,3.22643,3.26571
2025-11-28,3.0869,3.18286,3.17167,3.23762
2025-12-01,1.18976,2.93488,2.94107,3.23548
2025-12-02,1.18512,2.80232,2.86607,3.13577
2025-12-03,1.47512,2.88458,3.00827,3.17083
2025-12-04,2.06821,3.03482,3.03458,3.1481
2025-12-05,2.08024,3.07512,3.07191,3.13696
2025-12-08,1.79048,3.09571,3.05661,3.1353
2025-12-09,1.80435,3.13316,3.07417,3.14196
2025-12-10,1.62464,3.11435,3.07155,3.14238
2025-12-11,1.59929,3.13387,3.05494,3.13792
2025-12-12,1.7081,3.03952,3.02696,3.12679
2025-12-15,1.73012,2.97554,2.98821,3.1
2025-12-16,1.99429,3.12756,3.08958,3.11399
2025-12-17,2.49607,3.25381,3.12655,3.12655
2025-12-18,2.55333,3.18363,3.10494,3.12702
2025-12-19,2.54833,3.16798,3.0881,3.0931
2025-12-22,2.52036,3.1175,3.01542,3.0856
2025-12-23,2.9481,3.10637,3.02958,3.0931
2025-12-24,4.02393,3.28911,3.09494,3.09202
2025-12-29,3.99786,3.3506,3.08435,3.09167
2025-12-30,3.88036,3.21107,3.03607,3.09238
2025-12-31,4.38226,3.07548,2.93244,3.07673
2026-01-02,2.79857,2.6225,2.81179,2.9803
2026-01-05,2.66155,2.67226,2.81607,2.99571
2026-01-06,3.29786,2.97869,2.99071,3.07696
2026-01-07,3.65119,2.95518,2.97262,3.06982
2026-01-08,4.00357,3.00798,2.99524,3.07518
2026-01-09,2.87905,2.86369,2.9125,3.01393
2026-01-12,2.39286,2.83881,2.89,3.01393
2026-01-13,1.46405,2.69,2.83411,2.98625
2026-01-14,1.32917,2.64786,2.80071,2.99899
2026-01-15,2.14452,2.84857,2.90423,3.01464
2026-01-16,1.90429,2.84095,2.86244,3.0078
2026-01-19,2.52441,2.77673,2.84286,3.00566
2026-01-20,2.00071,2.75923,2.85589,3.00637
2026-01-21,1.64976,2.72893,2.83273,2.98649
2026-01-22,2.08786,2.80405,2.90566,3.0
2026-01-23,2.16786,2.79292,2.88506,3.0
2026-01-26,2.11167,2.78167,2.85637,3.0
2026-01-27,2.15536,2.74571,2.84786,3.00339
2026-01-28,1.82321,2.66321,2.83917,3.00494
2026-01-29,1.89857,2.65,2.82298,2.99685
2026-01-30,2.17964,2.61357,2.82595,2.98363
2026-02-27,2.55191,2.41321,2.58363,2.84101
